question,answer
How can I open a bank account?,You can open a bank account by visiting any branch or applying online through our website.
What is the interest rate for savings accounts?,The interest rate for savings accounts varies. Please check our website or contact us for the latest rates.
How can I apply for a loan?,You can apply for a loan by visiting a branch or through our online application portal.
What is the minimum balance requirement for a checking account?,The minimum balance requirement for a checking account is $500.
What should I do if I lose my debit card?,"If you lose your debit card, immediately call our customer support to block the card and request a replacement."
How can I check my account balance?,"You can check your account balance via online banking, mobile app, or at any ATM."
What are the charges for international wire transfers?,The charges for international wire transfers depend on the amount and destination. Please refer to our fee schedule.
How can I update my personal information in my account?,You can update your personal information by visiting a branch or through your online banking profile.
Can I open a joint account with a family member?,"Yes, you can open a joint account with a family member by providing their ID and consent during the application."
What is the process for closing a bank account?,"To close a bank account, visit your nearest branch with a valid ID and settle any outstanding dues."
How can I enable two-factor authentication for online banking?,Enable two-factor authentication through your online banking settings or contact customer support for assistance.
What is the maximum daily withdrawal limit from ATMs?,"The maximum daily withdrawal limit from ATMs is $2,000, but it may vary based on your account type."
How can I dispute a transaction on my credit card?,"To dispute a transaction on your credit card, contact our support team and submit a dispute form."
What are the benefits of a premium savings account?,"Premium savings accounts offer higher interest rates, exclusive offers, and priority customer service."
How can I contact customer support?,"You can contact customer support via our toll-free number, email, or live chat on our website."
What is the procedure for reporting fraudulent transactions?,Report fraudulent transactions immediately by calling our fraud hotline or through your online banking portal.
How can I activate my new debit card?,Activate your new debit card by calling the activation number provided or through your online banking profile.
What are the features of the mobile banking app?,"The mobile banking app allows you to check balances, transfer funds, pay bills, and locate ATMs."
